{
  "Delete character" : {
    "transaction" : "Delete character",
    "sampleCount" : 20000,
    "errorCount" : 0,
    "errorPct" : 0.0,
    "meanResTime" : 16.051700000000064,
    "medianResTime" : 10.0,
    "minResTime" : 0.0,
    "maxResTime" : 246.0,
    "pct1ResTime" : 36.0,
    "pct2ResTime" : 46.0,
    "pct3ResTime" : 98.0,
    "throughput" : 274.5216460317896,
    "receivedKBytesPerSec" : 66.75379869327696,
    "sentKBytesPerSec" : 62.196310429077336
  },
  "Total" : {
    "transaction" : "Total",
    "sampleCount" : 100000,
    "errorCount" : 367,
    "errorPct" : 0.367,
    "meanResTime" : 1515.1568899999936,
    "medianResTime" : 7.0,
    "minResTime" : 0.0,
    "maxResTime" : 67793.0,
    "pct1ResTime" : 25.0,
    "pct2ResTime" : 868.8000000000029,
    "pct3ResTime" : 65005.0,
    "throughput" : 1365.7470636438131,
    "receivedKBytesPerSec" : 340.41815067177686,
    "sentKBytesPerSec" : 250.39262560605027
  },
  "Characters" : {
    "transaction" : "Characters",
    "sampleCount" : 20000,
    "errorCount" : 367,
    "errorPct" : 1.835,
    "meanResTime" : 7420.965049999979,
    "medianResTime" : 13.0,
    "minResTime" : 1.0,
    "maxResTime" : 67793.0,
    "pct1ResTime" : 35795.600000000006,
    "pct2ResTime" : 43598.15000000001,
    "pct3ResTime" : 65005.0,
    "throughput" : 273.1643356643357,
    "receivedKBytesPerSec" : 85.94575628534065,
    "sentKBytesPerSec" : 32.995237337125765
  },
  "Characters by ID" : {
    "transaction" : "Characters by ID",
    "sampleCount" : 20000,
    "errorCount" : 0,
    "errorPct" : 0.0,
    "meanResTime" : 104.18260000000078,
    "medianResTime" : 12.0,
    "minResTime" : 1.0,
    "maxResTime" : 12663.0,
    "pct1ResTime" : 49.0,
    "pct2ResTime" : 104.0,
    "pct3ResTime" : 1889.9400000000096,
    "throughput" : 274.0664611168208,
    "receivedKBytesPerSec" : 62.89611168208291,
    "sentKBytesPerSec" : 33.990664611168214
  },
  "Change character" : {
    "transaction" : "Change character",
    "sampleCount" : 20000,
    "errorCount" : 0,
    "errorPct" : 0.0,
    "meanResTime" : 16.963950000000004,
    "medianResTime" : 11.0,
    "minResTime" : 1.0,
    "maxResTime" : 237.0,
    "pct1ResTime" : 37.0,
    "pct2ResTime" : 51.0,
    "pct3ResTime" : 98.0,
    "throughput" : 274.1942117601898,
    "receivedKBytesPerSec" : 62.92542945668417,
    "sentKBytesPerSec" : 61.318822747151806
  },
  "Create character" : {
    "transaction" : "Create character",
    "sampleCount" : 20000,
    "errorCount" : 0,
    "errorPct" : 0.0,
    "meanResTime" : 17.621150000000117,
    "medianResTime" : 11.0,
    "minResTime" : 0.0,
    "maxResTime" : 244.0,
    "pct1ResTime" : 37.0,
    "pct2ResTime" : 50.0,
    "pct3ResTime" : 103.0,
    "throughput" : 274.1340789780282,
    "receivedKBytesPerSec" : 62.91162945296545,
    "sentKBytesPerSec" : 60.76995696094961
  }
}