{
  "Delete character" : {
    "transaction" : "Delete character",
    "sampleCount" : 44675,
    "errorCount" : 31639,
    "errorPct" : 70.820366,
    "meanResTime" : 1746.431203133743,
    "medianResTime" : 45.0,
    "minResTime" : 0.0,
    "maxResTime" : 134279.0,
    "pct1ResTime" : 5728.9000000000015,
    "pct2ResTime" : 31144.0,
    "pct3ResTime" : 45696.96000000001,
    "throughput" : 173.82930293184958,
    "receivedKBytesPerSec" : 153.28338243662574,
    "sentKBytesPerSec" : 28.560424408085446
  },
  "Total" : {
    "transaction" : "Total",
    "sampleCount" : 244662,
    "errorCount" : 179228,
    "errorPct" : 73.25535,
    "meanResTime" : 7403.629071944317,
    "medianResTime" : 41.0,
    "minResTime" : 0.0,
    "maxResTime" : 161137.0,
    "pct1ResTime" : 39467.600000000006,
    "pct2ResTime" : 43652.850000000006,
    "pct3ResTime" : 68941.0,
    "throughput" : 950.4463557326993,
    "receivedKBytesPerSec" : 1882.4549642689612,
    "sentKBytesPerSec" : 117.10675523370548
  },
  "Characters" : {
    "transaction" : "Characters",
    "sampleCount" : 52964,
    "errorCount" : 40042,
    "errorPct" : 75.602295,
    "meanResTime" : 23578.39058605852,
    "medianResTime" : 74.0,
    "minResTime" : 0.0,
    "maxResTime" : 161137.0,
    "pct1ResTime" : 140345.0,
    "pct2ResTime" : 145056.8,
    "pct3ResTime" : 150814.72000000003,
    "throughput" : 205.75415478567598,
    "receivedKBytesPerSec" : 1162.9007649156613,
    "sentKBytesPerSec" : 16.014822244031016
  },
  "Characters by ID" : {
    "transaction" : "Characters by ID",
    "sampleCount" : 51121,
    "errorCount" : 37922,
    "errorPct" : 74.18086,
    "meanResTime" : 5053.196025116876,
    "medianResTime" : 84.0,
    "minResTime" : 0.0,
    "maxResTime" : 140941.0,
    "pct1ResTime" : 31269.800000000003,
    "pct2ResTime" : 37566.50000000008,
    "pct3ResTime" : 135788.97,
    "throughput" : 198.82078865592464,
    "receivedKBytesPerSec" : 206.09010066636915,
    "sentKBytesPerSec" : 15.984741407012653
  },
  "Change character" : {
    "transaction" : "Change character",
    "sampleCount" : 46594,
    "errorCount" : 33417,
    "errorPct" : 71.719536,
    "meanResTime" : 1954.74447353736,
    "medianResTime" : 46.0,
    "minResTime" : 0.0,
    "maxResTime" : 134308.0,
    "pct1ResTime" : 11024.900000000001,
    "pct2ResTime" : 33222.95000000001,
    "pct3ResTime" : 45726.91000000002,
    "throughput" : 181.26928179331864,
    "receivedKBytesPerSec" : 169.15723290339554,
    "sentKBytesPerSec" : 28.33310446841579
  },
  "Create character" : {
    "transaction" : "Create character",
    "sampleCount" : 49308,
    "errorCount" : 36208,
    "errorPct" : 73.432304,
    "meanResTime" : 2741.040094913598,
    "medianResTime" : 54.0,
    "minResTime" : 0.0,
    "maxResTime" : 134358.0,
    "pct1ResTime" : 30197.0,
    "pct2ResTime" : 33904.95,
    "pct3ResTime" : 46784.870000000024,
    "throughput" : 191.79797964081638,
    "receivedKBytesPerSec" : 192.02157823908036,
    "sentKBytesPerSec" : 28.35635387574246
  }
}