{
  "Delete character" : {
    "transaction" : "Delete character",
    "sampleCount" : 11778,
    "errorCount" : 7300,
    "errorPct" : 61.97996,
    "meanResTime" : 141.30964510103615,
    "medianResTime" : 168.0,
    "minResTime" : 3.0,
    "maxResTime" : 508.0,
    "pct1ResTime" : 225.0,
    "pct2ResTime" : 244.0,
    "pct3ResTime" : 277.0,
    "throughput" : 388.76419329284397,
    "receivedKBytesPerSec" : 94.53348059562319,
    "sentKBytesPerSec" : 88.07938754290996
  },
  "Total" : {
    "transaction" : "Total",
    "sampleCount" : 60250,
    "errorCount" : 37679,
    "errorPct" : 62.537758,
    "meanResTime" : 515.84841493776,
    "medianResTime" : 205.0,
    "minResTime" : 2.0,
    "maxResTime" : 54467.0,
    "pct1ResTime" : 261.0,
    "pct2ResTime" : 312.0,
    "pct3ResTime" : 29618.980000000003,
    "throughput" : 1078.4155793015805,
    "receivedKBytesPerSec" : 422.29562682346204,
    "sentKBytesPerSec" : 197.1011078930176
  },
  "Characters" : {
    "transaction" : "Characters",
    "sampleCount" : 12708,
    "errorCount" : 8261,
    "errorPct" : 65.006294,
    "meanResTime" : 1915.3068932955591,
    "medianResTime" : 174.0,
    "minResTime" : 3.0,
    "maxResTime" : 54467.0,
    "pct1ResTime" : 258.10000000000036,
    "pct2ResTime" : 25293.499999999833,
    "pct3ResTime" : 29774.55,
    "throughput" : 227.46066691725287,
    "receivedKBytesPerSec" : 224.12589187429523,
    "sentKBytesPerSec" : 27.988324249583847
  },
  "Characters by ID" : {
    "transaction" : "Characters by ID",
    "sampleCount" : 11997,
    "errorCount" : 7422,
    "errorPct" : 61.865467,
    "meanResTime" : 142.6286571642913,
    "medianResTime" : 166.0,
    "minResTime" : 2.0,
    "maxResTime" : 570.0,
    "pct1ResTime" : 225.0,
    "pct2ResTime" : 248.0,
    "pct3ResTime" : 328.02000000000044,
    "throughput" : 394.3268472258743,
    "receivedKBytesPerSec" : 90.49493075984421,
    "sentKBytesPerSec" : 48.90577109149027
  },
  "Change character" : {
    "transaction" : "Change character",
    "sampleCount" : 11847,
    "errorCount" : 7348,
    "errorPct" : 62.02414,
    "meanResTime" : 141.22039334852715,
    "medianResTime" : 169.0,
    "minResTime" : 3.0,
    "maxResTime" : 463.0,
    "pct1ResTime" : 222.0,
    "pct2ResTime" : 238.60000000000036,
    "pct3ResTime" : 280.0,
    "throughput" : 390.15313683517206,
    "receivedKBytesPerSec" : 89.53709683229047,
    "sentKBytesPerSec" : 87.25104329614689
  },
  "Create character" : {
    "transaction" : "Create character",
    "sampleCount" : 11920,
    "errorCount" : 7348,
    "errorPct" : 61.644295,
    "meanResTime" : 141.91677852349008,
    "medianResTime" : 165.0,
    "minResTime" : 2.0,
    "maxResTime" : 571.0,
    "pct1ResTime" : 225.0,
    "pct2ResTime" : 245.0,
    "pct3ResTime" : 307.0,
    "throughput" : 391.86035043887046,
    "receivedKBytesPerSec" : 89.92888901673297,
    "sentKBytesPerSec" : 86.8674800289293
  }
}