{
  "Delete character" : {
    "transaction" : "Delete character",
    "sampleCount" : 100,
    "errorCount" : 0,
    "errorPct" : 0.0,
    "meanResTime" : 5.120000000000003,
    "medianResTime" : 2.0,
    "minResTime" : 1.0,
    "maxResTime" : 20.0,
    "pct1ResTime" : 19.0,
    "pct2ResTime" : 19.0,
    "pct3ResTime" : 19.989999999999995,
    "throughput" : 139.66480446927375,
    "receivedKBytesPerSec" : 33.961461243016764,
    "sentKBytesPerSec" : 31.642807262569832
  },
  "Total" : {
    "transaction" : "Total",
    "sampleCount" : 500,
    "errorCount" : 0,
    "errorPct" : 0.0,
    "meanResTime" : 8.771999999999993,
    "medianResTime" : 2.0,
    "minResTime" : 1.0,
    "maxResTime" : 90.0,
    "pct1ResTime" : 19.0,
    "pct2ResTime" : 36.0,
    "pct3ResTime" : 90.0,
    "throughput" : 594.5303210463734,
    "receivedKBytesPerSec" : 140.9164592003567,
    "sentKBytesPerSec" : 109.26817033293699
  },
  "Characters" : {
    "transaction" : "Characters",
    "sampleCount" : 100,
    "errorCount" : 0,
    "errorPct" : 0.0,
    "meanResTime" : 23.01000000000001,
    "medianResTime" : 3.0,
    "minResTime" : 2.0,
    "maxResTime" : 90.0,
    "pct1ResTime" : 89.0,
    "pct2ResTime" : 90.0,
    "pct3ResTime" : 90.0,
    "throughput" : 119.76047904191617,
    "receivedKBytesPerSec" : 30.35530501497006,
    "sentKBytesPerSec" : 14.736152694610778
  },
  "Characters by ID" : {
    "transaction" : "Characters by ID",
    "sampleCount" : 100,
    "errorCount" : 0,
    "errorPct" : 0.0,
    "meanResTime" : 4.47,
    "medianResTime" : 2.0,
    "minResTime" : 1.0,
    "maxResTime" : 36.0,
    "pct1ResTime" : 11.900000000000006,
    "pct2ResTime" : 14.0,
    "pct3ResTime" : 35.85999999999993,
    "throughput" : 134.77088948787062,
    "receivedKBytesPerSec" : 30.928866239892184,
    "sentKBytesPerSec" : 16.71474898921833
  },
  "Change character" : {
    "transaction" : "Change character",
    "sampleCount" : 100,
    "errorCount" : 0,
    "errorPct" : 0.0,
    "meanResTime" : 5.590000000000001,
    "medianResTime" : 2.0,
    "minResTime" : 1.0,
    "maxResTime" : 37.0,
    "pct1ResTime" : 13.800000000000011,
    "pct2ResTime" : 22.749999999999943,
    "pct3ResTime" : 36.989999999999995,
    "throughput" : 137.5515818431912,
    "receivedKBytesPerSec" : 31.56701341127923,
    "sentKBytesPerSec" : 30.761047111416783
  },
  "Create character" : {
    "transaction" : "Create character",
    "sampleCount" : 100,
    "errorCount" : 0,
    "errorPct" : 0.0,
    "meanResTime" : 5.670000000000001,
    "medianResTime" : 2.0,
    "minResTime" : 1.0,
    "maxResTime" : 29.0,
    "pct1ResTime" : 14.900000000000006,
    "pct2ResTime" : 22.94999999999999,
    "pct3ResTime" : 29.0,
    "throughput" : 135.31799729364005,
    "receivedKBytesPerSec" : 31.054423207036535,
    "sentKBytesPerSec" : 29.997251353179973
  }
}