{
  "Delete character" : {
    "transaction" : "Delete character",
    "sampleCount" : 2000,
    "errorCount" : 0,
    "errorPct" : 0.0,
    "meanResTime" : 10.511999999999992,
    "medianResTime" : 4.0,
    "minResTime" : 1.0,
    "maxResTime" : 201.0,
    "pct1ResTime" : 10.0,
    "pct2ResTime" : 53.0,
    "pct3ResTime" : 147.0,
    "throughput" : 486.14487117160917,
    "receivedKBytesPerSec" : 118.21296183762762,
    "sentKBytesPerSec" : 110.1421973748177
  },
  "Total" : {
    "transaction" : "Total",
    "sampleCount" : 10000,
    "errorCount" : 0,
    "errorPct" : 0.0,
    "meanResTime" : 241.85960000000003,
    "medianResTime" : 5.0,
    "minResTime" : 0.0,
    "maxResTime" : 4568.0,
    "pct1ResTime" : 198.0,
    "pct2ResTime" : 2265.949999999999,
    "pct3ResTime" : 3668.9799999999996,
    "throughput" : 2167.7866897897247,
    "receivedKBytesPerSec" : 520.4447265201603,
    "sentKBytesPerSec" : 398.4154834164318
  },
  "Characters" : {
    "transaction" : "Characters",
    "sampleCount" : 2000,
    "errorCount" : 0,
    "errorPct" : 0.0,
    "meanResTime" : 1162.0200000000016,
    "medianResTime" : 177.0,
    "minResTime" : 1.0,
    "maxResTime" : 4568.0,
    "pct1ResTime" : 3282.9,
    "pct2ResTime" : 3668.8999999999996,
    "pct3ResTime" : 4423.99,
    "throughput" : 434.1219882787063,
    "receivedKBytesPerSec" : 116.67685553234209,
    "sentKBytesPerSec" : 53.41735402648144
  },
  "Characters by ID" : {
    "transaction" : "Characters by ID",
    "sampleCount" : 2000,
    "errorCount" : 0,
    "errorPct" : 0.0,
    "meanResTime" : 11.835499999999993,
    "medianResTime" : 5.0,
    "minResTime" : 1.0,
    "maxResTime" : 195.0,
    "pct1ResTime" : 15.0,
    "pct2ResTime" : 74.0,
    "pct3ResTime" : 92.0,
    "throughput" : 462.3208506703652,
    "receivedKBytesPerSec" : 106.09902334720297,
    "sentKBytesPerSec" : 57.33862112806288
  },
  "Change character" : {
    "transaction" : "Change character",
    "sampleCount" : 2000,
    "errorCount" : 0,
    "errorPct" : 0.0,
    "meanResTime" : 12.020000000000021,
    "medianResTime" : 4.0,
    "minResTime" : 0.0,
    "maxResTime" : 198.0,
    "pct1ResTime" : 11.0,
    "pct2ResTime" : 89.0,
    "pct3ResTime" : 123.0,
    "throughput" : 472.36655644780353,
    "receivedKBytesPerSec" : 108.40443434104866,
    "sentKBytesPerSec" : 105.6366615493623
  },
  "Create character" : {
    "transaction" : "Create character",
    "sampleCount" : 2000,
    "errorCount" : 0,
    "errorPct" : 0.0,
    "meanResTime" : 12.910500000000019,
    "medianResTime" : 5.0,
    "minResTime" : 1.0,
    "maxResTime" : 195.0,
    "pct1ResTime" : 13.0,
    "pct2ResTime" : 79.0,
    "pct3ResTime" : 179.99,
    "throughput" : 464.4681839294008,
    "receivedKBytesPerSec" : 106.59181955411054,
    "sentKBytesPerSec" : 102.9631618671621
  }
}