{
  "Delete character" : {
    "transaction" : "Delete character",
    "sampleCount" : 20198,
    "errorCount" : 13927,
    "errorPct" : 68.95237,
    "meanResTime" : 167.4410337657192,
    "medianResTime" : 169.0,
    "minResTime" : 2.0,
    "maxResTime" : 570.0,
    "pct1ResTime" : 277.0,
    "pct2ResTime" : 313.0,
    "pct3ResTime" : 379.0,
    "throughput" : 286.12712668753807,
    "receivedKBytesPerSec" : 69.57583451679393,
    "sentKBytesPerSec" : 64.82567714014534
  },
  "Total" : {
    "transaction" : "Total",
    "sampleCount" : 107134,
    "errorCount" : 75765,
    "errorPct" : 70.71985,
    "meanResTime" : 4327.284615528212,
    "medianResTime" : 58.0,
    "minResTime" : 2.0,
    "maxResTime" : 134467.0,
    "pct1ResTime" : 129255.9,
    "pct2ResTime" : 131908.85,
    "pct3ResTime" : 134043.96000000002,
    "throughput" : 782.6169535107969,
    "receivedKBytesPerSec" : 558.1539787067543,
    "sentKBytesPerSec" : 138.91179240523553
  },
  "Characters" : {
    "transaction" : "Characters",
    "sampleCount" : 25084,
    "errorCount" : 18886,
    "errorPct" : 75.29102,
    "meanResTime" : 17252.771168872627,
    "medianResTime" : 211.0,
    "minResTime" : 3.0,
    "maxResTime" : 134467.0,
    "pct1ResTime" : 129255.9,
    "pct2ResTime" : 131908.85,
    "pct3ResTime" : 134043.96000000002,
    "throughput" : 183.23934196300735,
    "receivedKBytesPerSec" : 417.5377033651528,
    "sentKBytesPerSec" : 20.140777606616897
  },
  "Characters by ID" : {
    "transaction" : "Characters by ID",
    "sampleCount" : 21079,
    "errorCount" : 14776,
    "errorPct" : 70.098206,
    "meanResTime" : 942.5950946439583,
    "medianResTime" : 173.0,
    "minResTime" : 2.0,
    "maxResTime" : 64650.0,
    "pct1ResTime" : 296.0,
    "pct2ResTime" : 360.0,
    "pct3ResTime" : 32071.980000000003,
    "throughput" : 207.12594208452475,
    "receivedKBytesPerSec" : 48.941529038803566,
    "sentKBytesPerSec" : 25.59219592901571
  },
  "Change character" : {
    "transaction" : "Change character",
    "sampleCount" : 20303,
    "errorCount" : 13898,
    "errorPct" : 68.452934,
    "meanResTime" : 167.46195143575028,
    "medianResTime" : 168.0,
    "minResTime" : 2.0,
    "maxResTime" : 701.0,
    "pct1ResTime" : 276.0,
    "pct2ResTime" : 313.0,
    "pct3ResTime" : 380.0,
    "throughput" : 287.1345938989379,
    "receivedKBytesPerSec" : 65.8951460607914,
    "sentKBytesPerSec" : 64.21271679966482
  },
  "Create character" : {
    "transaction" : "Create character",
    "sampleCount" : 20470,
    "errorCount" : 14278,
    "errorPct" : 69.750854,
    "meanResTime" : 204.19550561797834,
    "medianResTime" : 170.0,
    "minResTime" : 3.0,
    "maxResTime" : 32003.0,
    "pct1ResTime" : 279.0,
    "pct2ResTime" : 323.0,
    "pct3ResTime" : 389.0,
    "throughput" : 242.36037934668073,
    "receivedKBytesPerSec" : 55.61981361959958,
    "sentKBytesPerSec" : 53.72637315595364
  }
}